<?xml version="1.0" encoding="utf-8" standalone="yes" ?>
<rss version="2.0" xmlns:atom="http://www.w3.org/2005/Atom">
  <channel>
    <title>Categories on Made For Design</title>
    <link>https://www.madefordesign.com/categories/</link>
    <description>Recent content in Categories on Made For Design</description>
    <generator>Hugo -- gohugo.io</generator>
    <language>en-us</language>
    
	<atom:link href="https://www.madefordesign.com/categories/index.xml" rel="self" type="application/rss+xml" />
    
    
    <item>
      <title>Ipsum</title>
      <link>https://www.madefordesign.com/categories/ipsum/</link>
      <pubDate>Thu, 17 Sep 2015 13:47:08 +0200</pubDate>
      
      <guid>https://www.madefordesign.com/categories/ipsum/</guid>
      <description></description>
    </item>
    
    <item>
      <title>Lorem</title>
      <link>https://www.madefordesign.com/categories/lorem/</link>
      <pubDate>Sat, 10 Oct 2015 13:07:31 +0200</pubDate>
      
      <guid>https://www.madefordesign.com/categories/lorem/</guid>
      <description></description>
    </item>
    
  </channel>
</rss>