<?xml version="1.0" encoding="utf-8" standalone="yes" ?>
<rss version="2.0" xmlns:atom="http://www.w3.org/2005/Atom">
  <channel>
    <title>Made For Design</title>
    <link>http://www.madefordesign.com/</link>
    <description>Recent content on Made For Design</description>
    <generator>Hugo -- gohugo.io</generator>
    <language>en-us</language>
    <lastBuildDate>Sat, 30 Sep 2017 16:14:44 -0700</lastBuildDate>
    
	<atom:link href="http://www.madefordesign.com/index.xml" rel="self" type="application/rss+xml" />
    
    
    <item>
      <title>About Made for Design</title>
      <link>http://www.madefordesign.com/post/about/</link>
      <pubDate>Sat, 30 Sep 2017 16:14:44 -0700</pubDate>
      
      <guid>http://www.madefordesign.com/post/about/</guid>
      <description>What does Made stand for? Made for Design specializes in Graphic and Web, I provide clean and simple designs that are unique for each client. The name Made for Design was created to represent myself. By taking the first syllables of my last name and first name it creates the identity of my company. Ma Denise, made by me for you.
What does your logo mean? The transitioning layers depicted in the logo provide a visual story on my process as a designer.</description>
    </item>
    
    <item>
      <title>Creative Process and Execution in Adobe Illustrator</title>
      <link>http://www.madefordesign.com/post/tutorial/</link>
      <pubDate>Sat, 30 Sep 2017 16:14:44 -0700</pubDate>
      
      <guid>http://www.madefordesign.com/post/tutorial/</guid>
      <description>In this post I will demonstrate my creative and technological process for building the graphic representation for Made for Design. The end result was more skeumorphic which made a good subject for a tutorial, but not a logo. So I further simplified it into a flat design to create the current logo.
Conceptualization The first step was to conceptualize how I wanted to be represented as a designer. This was probably the most difficult step because it meant that I had to break myself down into marketable elements.</description>
    </item>
    
  </channel>
</rss>