<?xml version="1.0" encoding="utf-8" standalone="yes" ?>
<rss version="2.0" xmlns:atom="http://www.w3.org/2005/Atom">
  <channel>
    <title>Made For Design</title>
    <link>https://www.madefordesign.com/</link>
    <description>Recent content on Made For Design</description>
    <generator>Hugo -- gohugo.io</generator>
    <language>en-us</language>
    <lastBuildDate>Sat, 30 Sep 2017 16:14:44 -0700</lastBuildDate>
    
	<atom:link href="https://www.madefordesign.com/index.xml" rel="self" type="application/rss+xml" />
    
    
    <item>
      <title>About</title>
      <link>https://www.madefordesign.com/post/about/</link>
      <pubDate>Sat, 30 Sep 2017 16:14:44 -0700</pubDate>
      
      <guid>https://www.madefordesign.com/post/about/</guid>
      <description></description>
    </item>
    
    <item>
      <title>Migrate from Jekyll</title>
      <link>https://www.madefordesign.com/post/migrate-from-jekyll/</link>
      <pubDate>Sat, 10 Oct 2015 13:07:31 +0200</pubDate>
      
      <guid>https://www.madefordesign.com/post/migrate-from-jekyll/</guid>
      <description>Move static content to static Jekyll has a rule that any directory not starting with _ will be copied as-is to the _site output. Hugo keeps all static content under static. You should therefore move it all there. With Jekyll, something that looked like
▾ &amp;lt;root&amp;gt;/ ▾ images/ logo.png  should become
▾ &amp;lt;root&amp;gt;/ ▾ static/ ▾ images/ logo.png  Additionally, you&amp;rsquo;ll want any files that should reside at the root (such as CNAME) to be moved to static.</description>
    </item>
    
    <item>
      <title>Go is for lovers</title>
      <link>https://www.madefordesign.com/post/go-is-for-lovers/</link>
      <pubDate>Thu, 17 Sep 2015 13:47:08 +0200</pubDate>
      
      <guid>https://www.madefordesign.com/post/go-is-for-lovers/</guid>
      <description>Hugo uses the excellent go html/template library for its template engine. It is an extremely lightweight engine that provides a very small amount of logic. In our experience that it is just the right amount of logic to be able to create a good static website. If you have used other template systems from different languages or frameworks you will find a lot of similarities in go templates.
This document is a brief primer on using go templates.</description>
    </item>
    
    <item>
      <title>Hugo is for lovers</title>
      <link>https://www.madefordesign.com/post/hugo-is-for-lovers/</link>
      <pubDate>Mon, 03 Aug 2015 13:39:46 +0200</pubDate>
      
      <guid>https://www.madefordesign.com/post/hugo-is-for-lovers/</guid>
      <description>Step 1. Install Hugo Goto hugo releases and download the appropriate version for your os and architecture.
Save it somewhere specific as we will be using it in the next step.
More complete instructions are available at installing hugo
Step 2. Build the Docs Hugo has its own example site which happens to also be the documentation site you are reading right now.
Follow the following steps:
 Clone the hugo repository Go into the repo Run hugo in server mode and build the docs Open your browser to http://localhost:1313  Corresponding pseudo commands:</description>
    </item>
    
    <item>
      <title>Creating a new theme</title>
      <link>https://www.madefordesign.com/post/creating-a-new-theme/</link>
      <pubDate>Wed, 24 Jun 2015 13:50:46 +0200</pubDate>
      
      <guid>https://www.madefordesign.com/post/creating-a-new-theme/</guid>
      <description>Introduction This tutorial will show you how to create a simple theme in Hugo. I assume that you are familiar with HTML, the bash command line, and that you are comfortable using Markdown to format content. I&amp;rsquo;ll explain how Hugo uses templates and how you can organize your templates to create a theme. I won&amp;rsquo;t cover using CSS to style your theme.
We&amp;rsquo;ll start with creating a new site with a very basic template.</description>
    </item>
    
  </channel>
</rss>